update_time,num_earnings,earliest_date,latest_date
2025-03-18 23:29:59,19,2025-03-19,2025-04-30
2025-03-18 23:42:59,205,2025-03-19,2025-05-29
2025-03-18 23:50:41,99,2025-03-19,2025-05-21
2025-03-19 00:02:02,99,2025-03-19,2025-05-21
2025-03-19 00:31:47,99,2025-03-19,2025-05-21
2025-03-19 00:34:26,99,2025-03-19,2025-05-21
2025-03-19 13:04:57,99,2025-03-19,2025-05-21
2025-03-19 13:14:17,98,2025-03-19,2025-05-21
2025-03-19 13:33:54,98,2025-03-19,2025-05-21
2025-03-19 21:01:01,98,2025-03-20,2025-05-21
